album_id,photo_id,title,image_url,thumbnail_url,processed_at
71,3501,dolores voluptatem ipsam suscipit,https://via.placeholder.com/600/1be50,https://via.placeholder.com/150/1be50,2026-06-21T20:51:22.008896
71,3502,amet error rerum facilis sit aperiam,https://via.placeholder.com/600/8f2659,https://via.placeholder.com/150/8f2659,2026-06-21T20:51:22.008896
71,3503,quia illum eum sapiente laudantium quaerat omnis suscipit tempora,https://via.placeholder.com/600/2e114a,https://via.placeholder.com/150/2e114a,2026-06-21T20:51:22.008896
71,3504,eligendi et facere cupiditate qui laudantium,https://via.placeholder.com/600/b81c12,https://via.placeholder.com/150/b81c12,2026-06-21T20:51:22.008896
71,3505,maiores vero alias quos,https://via.placeholder.com/600/b1a600,https://via.placeholder.com/150/b1a600,2026-06-21T20:51:22.008896
71,3506,harum repudiandae consectetur eos ut commodi veniam,https://via.placeholder.com/600/b292e7,https://via.placeholder.com/150/b292e7,2026-06-21T20:51:22.008896
71,3507,libero consequatur beatae fugiat qui hic,https://via.placeholder.com/600/929fc0,https://via.placeholder.com/150/929fc0,2026-06-21T20:51:22.008896
71,3508,quis porro quos eos,https://via.placeholder.com/600/d96c9,https://via.placeholder.com/150/d96c9,2026-06-21T20:51:22.008896
71,3509,ipsam quo dicta facilis dolores voluptate consectetur aperiam,https://via.placeholder.com/600/eeda7f,https://via.placeholder.com/150/eeda7f,2026-06-21T20:51:22.008896
71,3510,perspiciatis non sunt sint aspernatur fugit,https://via.placeholder.com/600/1eb7e,https://via.placeholder.com/150/1eb7e,2026-06-21T20:51:22.008896
71,3511,aliquam id ut alias,https://via.placeholder.com/600/cf3f64,https://via.placeholder.com/150/cf3f64,2026-06-21T20:51:22.008896
71,3512,aut expedita at qui non et atque modi,https://via.placeholder.com/600/b17958,https://via.placeholder.com/150/b17958,2026-06-21T20:51:22.008896
71,3513,quia occaecati delectus,https://via.placeholder.com/600/e07b67,https://via.placeholder.com/150/e07b67,2026-06-21T20:51:22.008896
71,3514,quos quia natus,https://via.placeholder.com/600/747442,https://via.placeholder.com/150/747442,2026-06-21T20:51:22.008896
71,3515,sit fugit ipsam perspiciatis esse fugiat voluptatem,https://via.placeholder.com/600/b4a2ba,https://via.placeholder.com/150/b4a2ba,2026-06-21T20:51:22.008896
71,3516,quaerat iste dolore esse a provident quod vero et,https://via.placeholder.com/600/558b17,https://via.placeholder.com/150/558b17,2026-06-21T20:51:22.008896
71,3517,non facere sed rerum,https://via.placeholder.com/600/a967a0,https://via.placeholder.com/150/a967a0,2026-06-21T20:51:22.008896
71,3518,dignissimos et quo omnis,https://via.placeholder.com/600/c8b77b,https://via.placeholder.com/150/c8b77b,2026-06-21T20:51:22.008896
71,3519,error omnis qui eius amet similique laudantium et,https://via.placeholder.com/600/571e65,https://via.placeholder.com/150/571e65,2026-06-21T20:51:22.008896
71,3520,vel quia et ut ut totam dignissimos eos sit,https://via.placeholder.com/600/753ac8,https://via.placeholder.com/150/753ac8,2026-06-21T20:51:22.008896
71,3521,nihil nesciunt aut incidunt est nostrum ratione doloribus qui,https://via.placeholder.com/600/e23088,https://via.placeholder.com/150/e23088,2026-06-21T20:51:22.008896
71,3522,aspernatur quisquam eum quia totam et quos,https://via.placeholder.com/600/5fa0cb,https://via.placeholder.com/150/5fa0cb,2026-06-21T20:51:22.008896
71,3523,laborum qui debitis ipsum consequuntur quos hic ut sequi,https://via.placeholder.com/600/a55fab,https://via.placeholder.com/150/a55fab,2026-06-21T20:51:22.008896
71,3524,nam et deleniti illo facilis modi dolorem,https://via.placeholder.com/600/a8750e,https://via.placeholder.com/150/a8750e,2026-06-21T20:51:22.008896
71,3525,veniam et necessitatibus asperiores sunt laborum voluptatem,https://via.placeholder.com/600/99bbc1,https://via.placeholder.com/150/99bbc1,2026-06-21T20:51:22.008896
71,3526,quis similique sequi architecto,https://via.placeholder.com/600/a501b5,https://via.placeholder.com/150/a501b5,2026-06-21T20:51:22.008896
71,3527,tempore perferendis et,https://via.placeholder.com/600/15c48c,https://via.placeholder.com/150/15c48c,2026-06-21T20:51:22.008896
71,3528,dolores est alias animi,https://via.placeholder.com/600/d3632b,https://via.placeholder.com/150/d3632b,2026-06-21T20:51:22.008896
71,3529,fuga ut quidem sed,https://via.placeholder.com/600/d448fd,https://via.placeholder.com/150/d448fd,2026-06-21T20:51:22.008896
71,3530,nisi doloribus in dicta enim sint asperiores ut,https://via.placeholder.com/600/8d42f4,https://via.placeholder.com/150/8d42f4,2026-06-21T20:51:22.008896
71,3531,aut possimus molestias voluptatem eum illum,https://via.placeholder.com/600/71d2e6,https://via.placeholder.com/150/71d2e6,2026-06-21T20:51:22.008896
71,3532,iste fugiat cumque aliquam,https://via.placeholder.com/600/96c579,https://via.placeholder.com/150/96c579,2026-06-21T20:51:22.008896
71,3533,possimus sit omnis tempore et necessitatibus eum tempora,https://via.placeholder.com/600/5598ae,https://via.placeholder.com/150/5598ae,2026-06-21T20:51:22.008896
71,3534,voluptatum iste neque ea consequuntur quis,https://via.placeholder.com/600/f0b298,https://via.placeholder.com/150/f0b298,2026-06-21T20:51:22.008896
71,3535,in nostrum molestiae eos amet excepturi odit voluptatem quisquam,https://via.placeholder.com/600/dd1ab4,https://via.placeholder.com/150/dd1ab4,2026-06-21T20:51:22.008896
71,3536,cumque nihil amet quas et,https://via.placeholder.com/600/db43c4,https://via.placeholder.com/150/db43c4,2026-06-21T20:51:22.008896
71,3537,voluptatibus voluptatum voluptatem vel,https://via.placeholder.com/600/3e2940,https://via.placeholder.com/150/3e2940,2026-06-21T20:51:22.008896
71,3538,eligendi quos nobis unde fugiat nisi,https://via.placeholder.com/600/11d046,https://via.placeholder.com/150/11d046,2026-06-21T20:51:22.008896
71,3539,ipsam pariatur tenetur voluptas et,https://via.placeholder.com/600/22db2a,https://via.placeholder.com/150/22db2a,2026-06-21T20:51:22.008896
71,3540,ut maxime et reiciendis qui,https://via.placeholder.com/600/f41830,https://via.placeholder.com/150/f41830,2026-06-21T20:51:22.008896
71,3541,non debitis et exercitationem aut aut,https://via.placeholder.com/600/253811,https://via.placeholder.com/150/253811,2026-06-21T20:51:22.008896
71,3542,porro distinctio aut consequuntur illum perspiciatis autem,https://via.placeholder.com/600/511041,https://via.placeholder.com/150/511041,2026-06-21T20:51:22.008896
71,3543,porro qui qui ex sit enim neque consequatur,https://via.placeholder.com/600/b46f43,https://via.placeholder.com/150/b46f43,2026-06-21T20:51:22.008896
71,3544,quia perspiciatis sequi suscipit laudantium aspernatur cumque,https://via.placeholder.com/600/ae97b6,https://via.placeholder.com/150/ae97b6,2026-06-21T20:51:22.008896
71,3545,dolorum aliquam est nesciunt,https://via.placeholder.com/600/25cb9f,https://via.placeholder.com/150/25cb9f,2026-06-21T20:51:22.008896
71,3546,ratione dolorem perspiciatis rerum fuga,https://via.placeholder.com/600/1fec57,https://via.placeholder.com/150/1fec57,2026-06-21T20:51:22.008896
71,3547,ratione excepturi voluptatem suscipit minima,https://via.placeholder.com/600/70f19f,https://via.placeholder.com/150/70f19f,2026-06-21T20:51:22.008896
71,3548,quisquam nihil perferendis harum dicta quia similique,https://via.placeholder.com/600/8e039e,https://via.placeholder.com/150/8e039e,2026-06-21T20:51:22.008896
71,3549,optio vel nisi et dolor incidunt,https://via.placeholder.com/600/233a2c,https://via.placeholder.com/150/233a2c,2026-06-21T20:51:22.008896
71,3550,cumque ut eveniet,https://via.placeholder.com/600/5b4adb,https://via.placeholder.com/150/5b4adb,2026-06-21T20:51:22.008896
